key,url,size,lastModified,referencedByMongo
"1781528234325-7jhmohku9k5.png","https://pub-9e81613606534118802e6f42bab4fa54.r2.dev/1781528234325-7jhmohku9k5.png","1834103","2026-06-15T12:57:15.789Z","false"
"1781547337869-ho42wi5kihg.png","https://pub-9e81613606534118802e6f42bab4fa54.r2.dev/1781547337869-ho42wi5kihg.png","1194081","2026-06-15T18:15:39.298Z","false"
"1781573721167-0ntttt9rs7x.mov","https://pub-9e81613606534118802e6f42bab4fa54.r2.dev/1781573721167-0ntttt9rs7x.mov","9485897","2026-06-16T01:35:23.772Z","false"
"1781758716929-nynwpl7wy7.mp4","https://pub-9e81613606534118802e6f42bab4fa54.r2.dev/1781758716929-nynwpl7wy7.mp4","1845760","2026-06-18T04:58:39.123Z","false"
"1781760346863-9ihs5jxzaq.mp4","https://pub-9e81613606534118802e6f42bab4fa54.r2.dev/1781760346863-9ihs5jxzaq.mp4","1687946","2026-06-18T05:25:48.037Z","false"
"1781798597079-u13097nkya.mp4","https://pub-9e81613606534118802e6f42bab4fa54.r2.dev/1781798597079-u13097nkya.mp4","1845760","2026-06-18T16:03:19.050Z","false"
"1781845720578-d3sar0h2kv.mp4","https://pub-9e81613606534118802e6f42bab4fa54.r2.dev/1781845720578-d3sar0h2kv.mp4","793782","2026-06-19T05:08:42.672Z","false"
"1781845723491-ayq57ke91qf.mp4","https://pub-9e81613606534118802e6f42bab4fa54.r2.dev/1781845723491-ayq57ke91qf.mp4","1525065","2026-06-19T05:08:44.474Z","false"
"1781845725657-zwkrdsoa47.mp4","https://pub-9e81613606534118802e6f42bab4fa54.r2.dev/1781845725657-zwkrdsoa47.mp4","888425","2026-06-19T05:08:46.124Z","false"
"1781845727812-fce8ts4md9b.mp4","https://pub-9e81613606534118802e6f42bab4fa54.r2.dev/1781845727812-fce8ts4md9b.mp4","2424501","2026-06-19T05:08:53.312Z","false"
"1781845735910-jiegc88yzje.mp4","https://pub-9e81613606534118802e6f42bab4fa54.r2.dev/1781845735910-jiegc88yzje.mp4","1242386","2026-06-19T05:08:57.169Z","false"
"1781845967339-xzy8p9cwu7.mp4","https://pub-9e81613606534118802e6f42bab4fa54.r2.dev/1781845967339-xzy8p9cwu7.mp4","793782","2026-06-19T05:12:48.356Z","false"
"1781845969464-w2y85ct1bg.mp4","https://pub-9e81613606534118802e6f42bab4fa54.r2.dev/1781845969464-w2y85ct1bg.mp4","1525065","2026-06-19T05:12:54.786Z","false"
"1781845976097-do2r68usg7.mp4","https://pub-9e81613606534118802e6f42bab4fa54.r2.dev/1781845976097-do2r68usg7.mp4","888425","2026-06-19T05:12:58.121Z","false"
"1781845980256-feh2vf2nt1j.mp4","https://pub-9e81613606534118802e6f42bab4fa54.r2.dev/1781845980256-feh2vf2nt1j.mp4","2424501","2026-06-19T05:13:05.606Z","false"
"1781845986927-zxkcmpxu54e.mp4","https://pub-9e81613606534118802e6f42bab4fa54.r2.dev/1781845986927-zxkcmpxu54e.mp4","1242386","2026-06-19T05:13:08.206Z","false"
"1781889766241-7n03og3dk1n.mp3","https://pub-9e81613606534118802e6f42bab4fa54.r2.dev/1781889766241-7n03og3dk1n.mp3","695468","2026-06-19T17:22:47.635Z","false"
"1781920834981-muug29xxdvo.mp3","https://pub-9e81613606534118802e6f42bab4fa54.r2.dev/1781920834981-muug29xxdvo.mp3","695468","2026-06-20T02:00:36.250Z","false"
"1781921312331-92q8wbxapil.mp3","https://pub-9e81613606534118802e6f42bab4fa54.r2.dev/1781921312331-92q8wbxapil.mp3","585073","2026-06-20T02:08:32.962Z","false"
"1781921324540-9ito8q05wh.mp3","https://pub-9e81613606534118802e6f42bab4fa54.r2.dev/1781921324540-9ito8q05wh.mp3","163089","2026-06-20T02:08:44.929Z","false"
"1781931168356-bco2tt87x8c.mp4","https://pub-9e81613606534118802e6f42bab4fa54.r2.dev/1781931168356-bco2tt87x8c.mp4","7441873","2026-06-20T04:52:49.797Z","false"
"1781931178309-vfys6qb06em.mp4","https://pub-9e81613606534118802e6f42bab4fa54.r2.dev/1781931178309-vfys6qb06em.mp4","8799253","2026-06-20T04:52:59.843Z","false"
"1781931188396-rrj0hvsk8md.mp4","https://pub-9e81613606534118802e6f42bab4fa54.r2.dev/1781931188396-rrj0hvsk8md.mp4","8377630","2026-06-20T04:53:09.897Z","false"
"1781931294477-fiewc9abac.mp4","https://pub-9e81613606534118802e6f42bab4fa54.r2.dev/1781931294477-fiewc9abac.mp4","8377630","2026-06-20T04:54:56.306Z","false"
"1781931296873-3fnuatrcq02.mp4","https://pub-9e81613606534118802e6f42bab4fa54.r2.dev/1781931296873-3fnuatrcq02.mp4","8799253","2026-06-20T04:54:58.626Z","false"
"1781931299128-eg5d4nxgk2e.mp4","https://pub-9e81613606534118802e6f42bab4fa54.r2.dev/1781931299128-eg5d4nxgk2e.mp4","7441873","2026-06-20T04:55:00.765Z","false"
"1781931301235-1ae1pbvni5p.mp4","https://pub-9e81613606534118802e6f42bab4fa54.r2.dev/1781931301235-1ae1pbvni5p.mp4","4536699","2026-06-20T04:55:02.449Z","false"
"1781931302948-khu1wusx76b.mp4","https://pub-9e81613606534118802e6f42bab4fa54.r2.dev/1781931302948-khu1wusx76b.mp4","20678769","2026-06-20T04:55:06.246Z","false"
"1781931306725-n5pmi9feluh.mp4","https://pub-9e81613606534118802e6f42bab4fa54.r2.dev/1781931306725-n5pmi9feluh.mp4","3401810","2026-06-20T04:55:07.702Z","false"
"1781931308212-0hxknl7p4dv.mp4","https://pub-9e81613606534118802e6f42bab4fa54.r2.dev/1781931308212-0hxknl7p4dv.mp4","7898661","2026-06-20T04:55:09.715Z","false"
"1781931313187-d8bxo539jnv.mp4","https://pub-9e81613606534118802e6f42bab4fa54.r2.dev/1781931313187-d8bxo539jnv.mp4","8075686","2026-06-20T04:55:14.898Z","false"
"1781931315335-cs0o7qmvcbr.mp4","https://pub-9e81613606534118802e6f42bab4fa54.r2.dev/1781931315335-cs0o7qmvcbr.mp4","6200110","2026-06-20T04:55:17.167Z","false"
"1781931317641-jiu29jgxx9g.mp4","https://pub-9e81613606534118802e6f42bab4fa54.r2.dev/1781931317641-jiu29jgxx9g.mp4","3622062","2026-06-20T04:55:18.586Z","false"
"1781931319156-rht6ulgfgx9.mp4","https://pub-9e81613606534118802e6f42bab4fa54.r2.dev/1781931319156-rht6ulgfgx9.mp4","8419264","2026-06-20T04:55:20.797Z","false"
"1781931696920-cmsyevnppu.mp4","https://pub-9e81613606534118802e6f42bab4fa54.r2.dev/1781931696920-cmsyevnppu.mp4","1865694","2026-06-20T05:01:38.076Z","false"
"thumbnails/1781528234325-7jhmohku9k5.jpg","https://pub-9e81613606534118802e6f42bab4fa54.r2.dev/thumbnails/1781528234325-7jhmohku9k5.jpg","31819","2026-06-20T07:49:18.941Z","false"
"thumbnails/1781547337869-ho42wi5kihg.jpg","https://pub-9e81613606534118802e6f42bab4fa54.r2.dev/thumbnails/1781547337869-ho42wi5kihg.jpg","3568","2026-06-20T07:49:20.362Z","false"
"thumbnails/1781573721167-0ntttt9rs7x.jpg","https://pub-9e81613606534118802e6f42bab4fa54.r2.dev/thumbnails/1781573721167-0ntttt9rs7x.jpg","14805","2026-06-20T07:49:22.468Z","false"
"thumbnails/1781758716929-nynwpl7wy7.jpg","https://pub-9e81613606534118802e6f42bab4fa54.r2.dev/thumbnails/1781758716929-nynwpl7wy7.jpg","18271","2026-06-20T07:49:23.914Z","false"
"thumbnails/1781760346863-9ihs5jxzaq.jpg","https://pub-9e81613606534118802e6f42bab4fa54.r2.dev/thumbnails/1781760346863-9ihs5jxzaq.jpg","22155","2026-06-20T07:49:25.166Z","false"
"thumbnails/1781798597079-u13097nkya.jpg","https://pub-9e81613606534118802e6f42bab4fa54.r2.dev/thumbnails/1781798597079-u13097nkya.jpg","18271","2026-06-20T07:49:26.626Z","false"
"thumbnails/1781845720578-d3sar0h2kv.jpg","https://pub-9e81613606534118802e6f42bab4fa54.r2.dev/thumbnails/1781845720578-d3sar0h2kv.jpg","25022","2026-06-20T07:49:27.853Z","false"
"thumbnails/1781845723491-ayq57ke91qf.jpg","https://pub-9e81613606534118802e6f42bab4fa54.r2.dev/thumbnails/1781845723491-ayq57ke91qf.jpg","23558","2026-06-20T07:49:29.138Z","false"
"thumbnails/1781845725657-zwkrdsoa47.jpg","https://pub-9e81613606534118802e6f42bab4fa54.r2.dev/thumbnails/1781845725657-zwkrdsoa47.jpg","21837","2026-06-20T07:49:30.264Z","false"
"thumbnails/1781845727812-fce8ts4md9b.jpg","https://pub-9e81613606534118802e6f42bab4fa54.r2.dev/thumbnails/1781845727812-fce8ts4md9b.jpg","22082","2026-06-20T07:49:31.497Z","false"
"thumbnails/1781845735910-jiegc88yzje.jpg","https://pub-9e81613606534118802e6f42bab4fa54.r2.dev/thumbnails/1781845735910-jiegc88yzje.jpg","20706","2026-06-20T07:49:33.072Z","false"
"thumbnails/1781845967339-xzy8p9cwu7.jpg","https://pub-9e81613606534118802e6f42bab4fa54.r2.dev/thumbnails/1781845967339-xzy8p9cwu7.jpg","25022","2026-06-20T07:49:34.341Z","false"
"thumbnails/1781845969464-w2y85ct1bg.jpg","https://pub-9e81613606534118802e6f42bab4fa54.r2.dev/thumbnails/1781845969464-w2y85ct1bg.jpg","23558","2026-06-20T07:49:35.892Z","false"
"thumbnails/1781845976097-do2r68usg7.jpg","https://pub-9e81613606534118802e6f42bab4fa54.r2.dev/thumbnails/1781845976097-do2r68usg7.jpg","21837","2026-06-20T07:49:37.488Z","false"
"thumbnails/1781845980256-feh2vf2nt1j.jpg","https://pub-9e81613606534118802e6f42bab4fa54.r2.dev/thumbnails/1781845980256-feh2vf2nt1j.jpg","22082","2026-06-20T07:49:38.915Z","false"
"thumbnails/1781845986927-zxkcmpxu54e.jpg","https://pub-9e81613606534118802e6f42bab4fa54.r2.dev/thumbnails/1781845986927-zxkcmpxu54e.jpg","20706","2026-06-20T07:49:40.223Z","false"
"thumbnails/1781931168356-bco2tt87x8c.jpg","https://pub-9e81613606534118802e6f42bab4fa54.r2.dev/thumbnails/1781931168356-bco2tt87x8c.jpg","15528","2026-06-20T07:49:42.339Z","false"
"thumbnails/1781931178309-vfys6qb06em.jpg","https://pub-9e81613606534118802e6f42bab4fa54.r2.dev/thumbnails/1781931178309-vfys6qb06em.jpg","24277","2026-06-20T07:49:43.924Z","false"
"thumbnails/1781931188396-rrj0hvsk8md.jpg","https://pub-9e81613606534118802e6f42bab4fa54.r2.dev/thumbnails/1781931188396-rrj0hvsk8md.jpg","15055","2026-06-20T07:49:45.600Z","false"
"thumbnails/1781931294477-fiewc9abac.jpg","https://pub-9e81613606534118802e6f42bab4fa54.r2.dev/thumbnails/1781931294477-fiewc9abac.jpg","15055","2026-06-20T07:49:47.207Z","false"
"thumbnails/1781931296873-3fnuatrcq02.jpg","https://pub-9e81613606534118802e6f42bab4fa54.r2.dev/thumbnails/1781931296873-3fnuatrcq02.jpg","24277","2026-06-20T07:49:48.813Z","false"
"thumbnails/1781931299128-eg5d4nxgk2e.jpg","https://pub-9e81613606534118802e6f42bab4fa54.r2.dev/thumbnails/1781931299128-eg5d4nxgk2e.jpg","15528","2026-06-20T07:49:50.244Z","false"
"thumbnails/1781931301235-1ae1pbvni5p.jpg","https://pub-9e81613606534118802e6f42bab4fa54.r2.dev/thumbnails/1781931301235-1ae1pbvni5p.jpg","11017","2026-06-20T07:49:51.557Z","false"
"thumbnails/1781931302948-khu1wusx76b.jpg","https://pub-9e81613606534118802e6f42bab4fa54.r2.dev/thumbnails/1781931302948-khu1wusx76b.jpg","13792","2026-06-20T07:49:53.789Z","false"
"thumbnails/1781931306725-n5pmi9feluh.jpg","https://pub-9e81613606534118802e6f42bab4fa54.r2.dev/thumbnails/1781931306725-n5pmi9feluh.jpg","10891","2026-06-20T07:49:55.187Z","false"
"thumbnails/1781931308212-0hxknl7p4dv.jpg","https://pub-9e81613606534118802e6f42bab4fa54.r2.dev/thumbnails/1781931308212-0hxknl7p4dv.jpg","15057","2026-06-20T07:49:56.733Z","false"
"thumbnails/1781931313187-d8bxo539jnv.jpg","https://pub-9e81613606534118802e6f42bab4fa54.r2.dev/thumbnails/1781931313187-d8bxo539jnv.jpg","21487","2026-06-20T07:49:58.304Z","false"
"thumbnails/1781931315335-cs0o7qmvcbr.jpg","https://pub-9e81613606534118802e6f42bab4fa54.r2.dev/thumbnails/1781931315335-cs0o7qmvcbr.jpg","12571","2026-06-20T07:49:59.696Z","false"
"thumbnails/1781931317641-jiu29jgxx9g.jpg","https://pub-9e81613606534118802e6f42bab4fa54.r2.dev/thumbnails/1781931317641-jiu29jgxx9g.jpg","11255","2026-06-20T07:50:00.966Z","false"
"thumbnails/1781931319156-rht6ulgfgx9.jpg","https://pub-9e81613606534118802e6f42bab4fa54.r2.dev/thumbnails/1781931319156-rht6ulgfgx9.jpg","9837","2026-06-20T07:50:02.759Z","false"
"thumbnails/1781931696920-cmsyevnppu.jpg","https://pub-9e81613606534118802e6f42bab4fa54.r2.dev/thumbnails/1781931696920-cmsyevnppu.jpg","11746","2026-06-20T07:50:04.414Z","false"
"users/6a2ff53d1b7d77c8939e873e/folders/6a34cfce6bd0780eaacc42cf/media/6a34cfd06bd0780eaacc42d0/original.mp4","https://pub-9e81613606534118802e6f42bab4fa54.r2.dev/users/6a2ff53d1b7d77c8939e873e/folders/6a34cfce6bd0780eaacc42cf/media/6a34cfd06bd0780eaacc42d0/original.mp4","793782","2026-06-20T08:07:39.618Z","true"
"users/6a2ff53d1b7d77c8939e873e/folders/6a34cfce6bd0780eaacc42cf/media/6a34cfd06bd0780eaacc42d0/thumbnail.jpg","https://pub-9e81613606534118802e6f42bab4fa54.r2.dev/users/6a2ff53d1b7d77c8939e873e/folders/6a34cfce6bd0780eaacc42cf/media/6a34cfd06bd0780eaacc42d0/thumbnail.jpg","25022","2026-06-20T08:07:40.388Z","true"
"users/6a2ff53d1b7d77c8939e873e/folders/6a34cfce6bd0780eaacc42cf/media/6a34cfd66bd0780eaacc42d1/original.mp4","https://pub-9e81613606534118802e6f42bab4fa54.r2.dev/users/6a2ff53d1b7d77c8939e873e/folders/6a34cfce6bd0780eaacc42cf/media/6a34cfd66bd0780eaacc42d1/original.mp4","1525065","2026-06-20T08:07:41.781Z","true"
"users/6a2ff53d1b7d77c8939e873e/folders/6a34cfce6bd0780eaacc42cf/media/6a34cfd66bd0780eaacc42d1/thumbnail.jpg","https://pub-9e81613606534118802e6f42bab4fa54.r2.dev/users/6a2ff53d1b7d77c8939e873e/folders/6a34cfce6bd0780eaacc42cf/media/6a34cfd66bd0780eaacc42d1/thumbnail.jpg","23558","2026-06-20T08:07:42.566Z","true"
"users/6a2ff53d1b7d77c8939e873e/folders/6a34cfce6bd0780eaacc42cf/media/6a34cfda6bd0780eaacc42d2/original.mp4","https://pub-9e81613606534118802e6f42bab4fa54.r2.dev/users/6a2ff53d1b7d77c8939e873e/folders/6a34cfce6bd0780eaacc42cf/media/6a34cfda6bd0780eaacc42d2/original.mp4","888425","2026-06-20T08:07:44.108Z","true"
"users/6a2ff53d1b7d77c8939e873e/folders/6a34cfce6bd0780eaacc42cf/media/6a34cfda6bd0780eaacc42d2/thumbnail.jpg","https://pub-9e81613606534118802e6f42bab4fa54.r2.dev/users/6a2ff53d1b7d77c8939e873e/folders/6a34cfce6bd0780eaacc42cf/media/6a34cfda6bd0780eaacc42d2/thumbnail.jpg","21837","2026-06-20T08:07:44.957Z","true"
"users/6a2ff53d1b7d77c8939e873e/folders/6a34cfce6bd0780eaacc42cf/media/6a34cfe16bd0780eaacc42d3/original.mp4","https://pub-9e81613606534118802e6f42bab4fa54.r2.dev/users/6a2ff53d1b7d77c8939e873e/folders/6a34cfce6bd0780eaacc42cf/media/6a34cfe16bd0780eaacc42d3/original.mp4","2424501","2026-06-20T08:07:46.105Z","true"
"users/6a2ff53d1b7d77c8939e873e/folders/6a34cfce6bd0780eaacc42cf/media/6a34cfe16bd0780eaacc42d3/thumbnail.jpg","https://pub-9e81613606534118802e6f42bab4fa54.r2.dev/users/6a2ff53d1b7d77c8939e873e/folders/6a34cfce6bd0780eaacc42cf/media/6a34cfe16bd0780eaacc42d3/thumbnail.jpg","22082","2026-06-20T08:07:47.206Z","true"
"users/6a2ff53d1b7d77c8939e873e/folders/6a34cfce6bd0780eaacc42cf/media/6a34cfe46bd0780eaacc42d4/original.mp4","https://pub-9e81613606534118802e6f42bab4fa54.r2.dev/users/6a2ff53d1b7d77c8939e873e/folders/6a34cfce6bd0780eaacc42cf/media/6a34cfe46bd0780eaacc42d4/original.mp4","1242386","2026-06-20T08:07:48.197Z","true"
"users/6a2ff53d1b7d77c8939e873e/folders/6a34cfce6bd0780eaacc42cf/media/6a34cfe46bd0780eaacc42d4/thumbnail.jpg","https://pub-9e81613606534118802e6f42bab4fa54.r2.dev/users/6a2ff53d1b7d77c8939e873e/folders/6a34cfce6bd0780eaacc42cf/media/6a34cfe46bd0780eaacc42d4/thumbnail.jpg","20706","2026-06-20T08:07:48.981Z","true"
"users/6a2ff53d1b7d77c8939e873e/folders/root/media/6a2ff6ab780aaf40e469363d/original.png","https://pub-9e81613606534118802e6f42bab4fa54.r2.dev/users/6a2ff53d1b7d77c8939e873e/folders/root/media/6a2ff6ab780aaf40e469363d/original.png","1834103","2026-06-20T08:07:16.867Z","true"
"users/6a2ff53d1b7d77c8939e873e/folders/root/media/6a2ff6ab780aaf40e469363d/thumbnail.jpg","https://pub-9e81613606534118802e6f42bab4fa54.r2.dev/users/6a2ff53d1b7d77c8939e873e/folders/root/media/6a2ff6ab780aaf40e469363d/thumbnail.jpg","31819","2026-06-20T08:07:17.651Z","true"
"users/6a2ff53d1b7d77c8939e873e/folders/root/media/6a30414beea8389760ff225c/original.png","https://pub-9e81613606534118802e6f42bab4fa54.r2.dev/users/6a2ff53d1b7d77c8939e873e/folders/root/media/6a30414beea8389760ff225c/original.png","1194081","2026-06-20T08:07:19.059Z","true"
"users/6a2ff53d1b7d77c8939e873e/folders/root/media/6a30414beea8389760ff225c/thumbnail.jpg","https://pub-9e81613606534118802e6f42bab4fa54.r2.dev/users/6a2ff53d1b7d77c8939e873e/folders/root/media/6a30414beea8389760ff225c/thumbnail.jpg","3568","2026-06-20T08:07:19.864Z","true"
"users/6a2ff53d1b7d77c8939e873e/folders/root/media/6a3416c72b0c736c0930b227/original.mp4","https://pub-9e81613606534118802e6f42bab4fa54.r2.dev/users/6a2ff53d1b7d77c8939e873e/folders/root/media/6a3416c72b0c736c0930b227/original.mp4","1845760","2026-06-20T08:07:27.587Z","true"
"users/6a2ff53d1b7d77c8939e873e/folders/root/media/6a3416c72b0c736c0930b227/thumbnail.jpg","https://pub-9e81613606534118802e6f42bab4fa54.r2.dev/users/6a2ff53d1b7d77c8939e873e/folders/root/media/6a3416c72b0c736c0930b227/thumbnail.jpg","18271","2026-06-20T08:07:28.541Z","true"
"users/6a3065a7dbebbb08785e0d82/folders/root/media/6a33815c0ca4fe2da48d532e/original.mp4","https://pub-9e81613606534118802e6f42bab4fa54.r2.dev/users/6a3065a7dbebbb08785e0d82/folders/root/media/6a33815c0ca4fe2da48d532e/original.mp4","1687946","2026-06-20T08:07:25.606Z","true"
"users/6a3065a7dbebbb08785e0d82/folders/root/media/6a33815c0ca4fe2da48d532e/thumbnail.jpg","https://pub-9e81613606534118802e6f42bab4fa54.r2.dev/users/6a3065a7dbebbb08785e0d82/folders/root/media/6a33815c0ca4fe2da48d532e/thumbnail.jpg","22155","2026-06-20T08:07:26.452Z","true"
"users/6a3065a7dbebbb08785e0d82/folders/root/media/6a357ae7c9ac0f9855b59c16/original.mp3","https://pub-9e81613606534118802e6f42bab4fa54.r2.dev/users/6a3065a7dbebbb08785e0d82/folders/root/media/6a357ae7c9ac0f9855b59c16/original.mp3","695468","2026-06-20T08:07:50.004Z","true"
"users/6a306d9bcb2890747f2960e0/folders/root/media/6a30a85b9754a368693ce229/original.mov","https://pub-9e81613606534118802e6f42bab4fa54.r2.dev/users/6a306d9bcb2890747f2960e0/folders/root/media/6a30a85b9754a368693ce229/original.mov","9485897","2026-06-20T08:07:21.385Z","true"
"users/6a306d9bcb2890747f2960e0/folders/root/media/6a30a85b9754a368693ce229/thumbnail.jpg","https://pub-9e81613606534118802e6f42bab4fa54.r2.dev/users/6a306d9bcb2890747f2960e0/folders/root/media/6a30a85b9754a368693ce229/thumbnail.jpg","14805","2026-06-20T08:07:22.411Z","true"
"users/6a30821206d7872b10218069/folders/root/media/6a337affd7915c55450f2625/original.mp4","https://pub-9e81613606534118802e6f42bab4fa54.r2.dev/users/6a30821206d7872b10218069/folders/root/media/6a337affd7915c55450f2625/original.mp4","1845760","2026-06-20T08:07:23.708Z","true"
"users/6a30821206d7872b10218069/folders/root/media/6a337affd7915c55450f2625/thumbnail.jpg","https://pub-9e81613606534118802e6f42bab4fa54.r2.dev/users/6a30821206d7872b10218069/folders/root/media/6a337affd7915c55450f2625/thumbnail.jpg","18271","2026-06-20T08:07:24.611Z","true"
"users/6a31cf989801f82f3d1633bc/folders/6a34cfce6bd0780eaacc42cf/media/6a38608e2c1259a38bcf0059/original.mp4","https://pub-9e81613606534118802e6f42bab4fa54.r2.dev/users/6a31cf989801f82f3d1633bc/folders/6a34cfce6bd0780eaacc42cf/media/6a38608e2c1259a38bcf0059/original.mp4","3748758","2026-06-21T22:07:11.847Z","true"
"users/6a31cf989801f82f3d1633bc/folders/6a34cfce6bd0780eaacc42cf/media/6a38608e2c1259a38bcf0059/thumbnail.jpg","https://pub-9e81613606534118802e6f42bab4fa54.r2.dev/users/6a31cf989801f82f3d1633bc/folders/6a34cfce6bd0780eaacc42cf/media/6a38608e2c1259a38bcf0059/thumbnail.jpg","17668","2026-06-21T22:07:12.871Z","true"
"users/6a31cf989801f82f3d1633bc/folders/6a34cfce6bd0780eaacc42cf/media/6a3860912c1259a38bcf005b/original.mp4","https://pub-9e81613606534118802e6f42bab4fa54.r2.dev/users/6a31cf989801f82f3d1633bc/folders/6a34cfce6bd0780eaacc42cf/media/6a3860912c1259a38bcf005b/original.mp4","3642095","2026-06-21T22:07:14.364Z","true"
"users/6a31cf989801f82f3d1633bc/folders/6a34cfce6bd0780eaacc42cf/media/6a3860912c1259a38bcf005b/thumbnail.jpg","https://pub-9e81613606534118802e6f42bab4fa54.r2.dev/users/6a31cf989801f82f3d1633bc/folders/6a34cfce6bd0780eaacc42cf/media/6a3860912c1259a38bcf005b/thumbnail.jpg","16262","2026-06-21T22:07:15.250Z","true"
"users/6a31cf989801f82f3d1633bc/folders/6a35ed930ed51f502efee780/media/6a361ca1fa3873d31da585bc/original.mp4","https://pub-9e81613606534118802e6f42bab4fa54.r2.dev/users/6a31cf989801f82f3d1633bc/folders/6a35ed930ed51f502efee780/media/6a361ca1fa3873d31da585bc/original.mp4","7441873","2026-06-20T08:07:56.123Z","true"
"users/6a31cf989801f82f3d1633bc/folders/6a35ed930ed51f502efee780/media/6a361ca1fa3873d31da585bc/thumbnail.jpg","https://pub-9e81613606534118802e6f42bab4fa54.r2.dev/users/6a31cf989801f82f3d1633bc/folders/6a35ed930ed51f502efee780/media/6a361ca1fa3873d31da585bc/thumbnail.jpg","15528","2026-06-20T08:07:56.921Z","true"
"users/6a31cf989801f82f3d1633bc/folders/6a35ed930ed51f502efee780/media/6a361cabfa3873d31da585bd/original.mp4","https://pub-9e81613606534118802e6f42bab4fa54.r2.dev/users/6a31cf989801f82f3d1633bc/folders/6a35ed930ed51f502efee780/media/6a361cabfa3873d31da585bd/original.mp4","8799253","2026-06-20T08:07:58.192Z","true"
"users/6a31cf989801f82f3d1633bc/folders/6a35ed930ed51f502efee780/media/6a361cabfa3873d31da585bd/thumbnail.jpg","https://pub-9e81613606534118802e6f42bab4fa54.r2.dev/users/6a31cf989801f82f3d1633bc/folders/6a35ed930ed51f502efee780/media/6a361cabfa3873d31da585bd/thumbnail.jpg","24277","2026-06-20T08:07:58.916Z","true"
"users/6a31cf989801f82f3d1633bc/folders/6a35ed930ed51f502efee780/media/6a361cb6fa3873d31da585be/original.mp4","https://pub-9e81613606534118802e6f42bab4fa54.r2.dev/users/6a31cf989801f82f3d1633bc/folders/6a35ed930ed51f502efee780/media/6a361cb6fa3873d31da585be/original.mp4","8377630","2026-06-20T08:08:00.458Z","true"
"users/6a31cf989801f82f3d1633bc/folders/6a35ed930ed51f502efee780/media/6a361cb6fa3873d31da585be/thumbnail.jpg","https://pub-9e81613606534118802e6f42bab4fa54.r2.dev/users/6a31cf989801f82f3d1633bc/folders/6a35ed930ed51f502efee780/media/6a361cb6fa3873d31da585be/thumbnail.jpg","15055","2026-06-20T08:08:01.390Z","true"
"users/6a31cf989801f82f3d1633bc/folders/6a35f428fa3873d31da585b8/media/6a35f444fa3873d31da585b9/original.mp3","https://pub-9e81613606534118802e6f42bab4fa54.r2.dev/users/6a31cf989801f82f3d1633bc/folders/6a35f428fa3873d31da585b8/media/6a35f444fa3873d31da585b9/original.mp3","695468","2026-06-20T08:07:51.832Z","true"
"users/6a31cf989801f82f3d1633bc/folders/6a35f428fa3873d31da585b8/media/6a35f621fa3873d31da585ba/original.mp3","https://pub-9e81613606534118802e6f42bab4fa54.r2.dev/users/6a31cf989801f82f3d1633bc/folders/6a35f428fa3873d31da585b8/media/6a35f621fa3873d31da585ba/original.mp3","585073","2026-06-20T08:07:53.173Z","true"
"users/6a31cf989801f82f3d1633bc/folders/6a35f428fa3873d31da585b8/media/6a35f62dfa3873d31da585bb/original.mp3","https://pub-9e81613606534118802e6f42bab4fa54.r2.dev/users/6a31cf989801f82f3d1633bc/folders/6a35f428fa3873d31da585b8/media/6a35f62dfa3873d31da585bb/original.mp3","163089","2026-06-20T08:07:54.128Z","true"
"users/6a31cf989801f82f3d1633bc/folders/6a35f428fa3873d31da585b8/media/6a3b6040275e521697e98e2a/original.mp3","https://pub-9e81613606534118802e6f42bab4fa54.r2.dev/users/6a31cf989801f82f3d1633bc/folders/6a35f428fa3873d31da585b8/media/6a3b6040275e521697e98e2a/original.mp3","181065","2026-06-24T04:42:42.600Z","true"
"users/6a31cf989801f82f3d1633bc/folders/6a35f428fa3873d31da585b8/media/6a3b6043275e521697e98e2c/original.mp3","https://pub-9e81613606534118802e6f42bab4fa54.r2.dev/users/6a31cf989801f82f3d1633bc/folders/6a35f428fa3873d31da585b8/media/6a3b6043275e521697e98e2c/original.mp3","248770","2026-06-24T04:42:44.370Z","true"
"users/6a31cf989801f82f3d1633bc/folders/6a35f428fa3873d31da585b8/media/6a3b6045275e521697e98e2e/original.mp3","https://pub-9e81613606534118802e6f42bab4fa54.r2.dev/users/6a31cf989801f82f3d1633bc/folders/6a35f428fa3873d31da585b8/media/6a3b6045275e521697e98e2e/original.mp3","207814","2026-06-24T04:42:46.801Z","true"
"users/6a31cf989801f82f3d1633bc/folders/6a35f428fa3873d31da585b8/media/6a3b6049275e521697e98e30/original.mp3","https://pub-9e81613606534118802e6f42bab4fa54.r2.dev/users/6a31cf989801f82f3d1633bc/folders/6a35f428fa3873d31da585b8/media/6a3b6049275e521697e98e30/original.mp3","175213","2026-06-24T04:42:50.416Z","true"
"users/6a31cf989801f82f3d1633bc/folders/6a35f428fa3873d31da585b8/media/6a3b604b275e521697e98e32/original.mp3","https://pub-9e81613606534118802e6f42bab4fa54.r2.dev/users/6a31cf989801f82f3d1633bc/folders/6a35f428fa3873d31da585b8/media/6a3b604b275e521697e98e32/original.mp3","356917","2026-06-24T04:42:52.228Z","true"
"users/6a31cf989801f82f3d1633bc/folders/6a35f428fa3873d31da585b8/media/6a3b604c275e521697e98e34/original.mp3","https://pub-9e81613606534118802e6f42bab4fa54.r2.dev/users/6a31cf989801f82f3d1633bc/folders/6a35f428fa3873d31da585b8/media/6a3b604c275e521697e98e34/original.mp3","164764","2026-06-24T04:42:53.527Z","true"
"users/6a31cf989801f82f3d1633bc/folders/6a35f428fa3873d31da585b8/media/6a3b604d275e521697e98e36/original.mp3","https://pub-9e81613606534118802e6f42bab4fa54.r2.dev/users/6a31cf989801f82f3d1633bc/folders/6a35f428fa3873d31da585b8/media/6a3b604d275e521697e98e36/original.mp3","238742","2026-06-24T04:42:54.886Z","true"
"users/6a31cf989801f82f3d1633bc/folders/6a35f428fa3873d31da585b8/media/6a3b604f275e521697e98e38/original.mp3","https://pub-9e81613606534118802e6f42bab4fa54.r2.dev/users/6a31cf989801f82f3d1633bc/folders/6a35f428fa3873d31da585b8/media/6a3b604f275e521697e98e38/original.mp3","394066","2026-06-24T04:42:58.294Z","true"
"users/6a31cf989801f82f3d1633bc/folders/6a35f428fa3873d31da585b8/media/6a3b6052275e521697e98e3a/original.mp3","https://pub-9e81613606534118802e6f42bab4fa54.r2.dev/users/6a31cf989801f82f3d1633bc/folders/6a35f428fa3873d31da585b8/media/6a3b6052275e521697e98e3a/original.mp3","232056","2026-06-24T04:42:59.921Z","true"
"users/6a31cf989801f82f3d1633bc/folders/6a35f428fa3873d31da585b8/media/6a3b6055275e521697e98e3c/original.mp3","https://pub-9e81613606534118802e6f42bab4fa54.r2.dev/users/6a31cf989801f82f3d1633bc/folders/6a35f428fa3873d31da585b8/media/6a3b6055275e521697e98e3c/original.mp3","424577","2026-06-24T04:43:04.481Z","true"
"users/6a31cf989801f82f3d1633bc/folders/6a35f428fa3873d31da585b8/media/6a3b6059275e521697e98e3e/original.mp3","https://pub-9e81613606534118802e6f42bab4fa54.r2.dev/users/6a31cf989801f82f3d1633bc/folders/6a35f428fa3873d31da585b8/media/6a3b6059275e521697e98e3e/original.mp3","158034","2026-06-24T04:43:07.958Z","true"
"users/6a31cf989801f82f3d1633bc/folders/6a35f428fa3873d31da585b8/media/6a3b605c275e521697e98e40/original.mp3","https://pub-9e81613606534118802e6f42bab4fa54.r2.dev/users/6a31cf989801f82f3d1633bc/folders/6a35f428fa3873d31da585b8/media/6a3b605c275e521697e98e40/original.mp3","517364","2026-06-24T04:43:11.495Z","true"
"users/6a31cf989801f82f3d1633bc/folders/6a35f428fa3873d31da585b8/media/6a3b6060275e521697e98e42/original.mp3","https://pub-9e81613606534118802e6f42bab4fa54.r2.dev/users/6a31cf989801f82f3d1633bc/folders/6a35f428fa3873d31da585b8/media/6a3b6060275e521697e98e42/original.mp3","214502","2026-06-24T04:43:17.380Z","true"
"users/6a31cf989801f82f3d1633bc/folders/6a35f428fa3873d31da585b8/media/6a3b6068275e521697e98e44/original.mp3","https://pub-9e81613606534118802e6f42bab4fa54.r2.dev/users/6a31cf989801f82f3d1633bc/folders/6a35f428fa3873d31da585b8/media/6a3b6068275e521697e98e44/original.mp3","274688","2026-06-24T04:43:21.261Z","true"
"users/6a31cf989801f82f3d1633bc/folders/6a35f428fa3873d31da585b8/media/6a3b606a275e521697e98e46/original.mp3","https://pub-9e81613606534118802e6f42bab4fa54.r2.dev/users/6a31cf989801f82f3d1633bc/folders/6a35f428fa3873d31da585b8/media/6a3b606a275e521697e98e46/original.mp3","168944","2026-06-24T04:43:24.319Z","true"
"users/6a31cf989801f82f3d1633bc/folders/6a35f428fa3873d31da585b8/media/6a3b606f275e521697e98e48/original.mp3","https://pub-9e81613606534118802e6f42bab4fa54.r2.dev/users/6a31cf989801f82f3d1633bc/folders/6a35f428fa3873d31da585b8/media/6a3b606f275e521697e98e48/original.mp3","172706","2026-06-24T04:43:27.938Z","true"
"users/6a31cf989801f82f3d1633bc/folders/6a35f428fa3873d31da585b8/media/6a3b6070275e521697e98e4a/original.mp3","https://pub-9e81613606534118802e6f42bab4fa54.r2.dev/users/6a31cf989801f82f3d1633bc/folders/6a35f428fa3873d31da585b8/media/6a3b6070275e521697e98e4a/original.mp3","123804","2026-06-24T04:43:29.127Z","true"
"users/6a31cf989801f82f3d1633bc/folders/6a361d1efa3873d31da585bf/media/6a361d20fa3873d31da585c0/original.mp4","https://pub-9e81613606534118802e6f42bab4fa54.r2.dev/users/6a31cf989801f82f3d1633bc/folders/6a361d1efa3873d31da585bf/media/6a361d20fa3873d31da585c0/original.mp4","8377630","2026-06-20T08:08:03.649Z","true"
"users/6a31cf989801f82f3d1633bc/folders/6a361d1efa3873d31da585bf/media/6a361d20fa3873d31da585c0/thumbnail.jpg","https://pub-9e81613606534118802e6f42bab4fa54.r2.dev/users/6a31cf989801f82f3d1633bc/folders/6a361d1efa3873d31da585bf/media/6a361d20fa3873d31da585c0/thumbnail.jpg","15055","2026-06-20T08:08:04.520Z","true"
"users/6a31cf989801f82f3d1633bc/folders/6a361d1efa3873d31da585bf/media/6a361d22fa3873d31da585c1/original.mp4","https://pub-9e81613606534118802e6f42bab4fa54.r2.dev/users/6a31cf989801f82f3d1633bc/folders/6a361d1efa3873d31da585bf/media/6a361d22fa3873d31da585c1/original.mp4","8799253","2026-06-20T08:08:06.478Z","true"
"users/6a31cf989801f82f3d1633bc/folders/6a361d1efa3873d31da585bf/media/6a361d22fa3873d31da585c1/thumbnail.jpg","https://pub-9e81613606534118802e6f42bab4fa54.r2.dev/users/6a31cf989801f82f3d1633bc/folders/6a361d1efa3873d31da585bf/media/6a361d22fa3873d31da585c1/thumbnail.jpg","24277","2026-06-20T08:08:07.194Z","true"
"users/6a31cf989801f82f3d1633bc/folders/6a361d1efa3873d31da585bf/media/6a361d24fa3873d31da585c2/original.mp4","https://pub-9e81613606534118802e6f42bab4fa54.r2.dev/users/6a31cf989801f82f3d1633bc/folders/6a361d1efa3873d31da585bf/media/6a361d24fa3873d31da585c2/original.mp4","7441873","2026-06-20T08:08:08.662Z","true"
"users/6a31cf989801f82f3d1633bc/folders/6a361d1efa3873d31da585bf/media/6a361d24fa3873d31da585c2/thumbnail.jpg","https://pub-9e81613606534118802e6f42bab4fa54.r2.dev/users/6a31cf989801f82f3d1633bc/folders/6a361d1efa3873d31da585bf/media/6a361d24fa3873d31da585c2/thumbnail.jpg","15528","2026-06-20T08:08:09.508Z","true"
"users/6a31cf989801f82f3d1633bc/folders/6a361d1efa3873d31da585bf/media/6a361d26fa3873d31da585c3/original.mp4","https://pub-9e81613606534118802e6f42bab4fa54.r2.dev/users/6a31cf989801f82f3d1633bc/folders/6a361d1efa3873d31da585bf/media/6a361d26fa3873d31da585c3/original.mp4","4536699","2026-06-20T08:08:10.854Z","true"
"users/6a31cf989801f82f3d1633bc/folders/6a361d1efa3873d31da585bf/media/6a361d26fa3873d31da585c3/thumbnail.jpg","https://pub-9e81613606534118802e6f42bab4fa54.r2.dev/users/6a31cf989801f82f3d1633bc/folders/6a361d1efa3873d31da585bf/media/6a361d26fa3873d31da585c3/thumbnail.jpg","11017","2026-06-20T08:08:11.732Z","true"
"users/6a31cf989801f82f3d1633bc/folders/6a361d1efa3873d31da585bf/media/6a361d2afa3873d31da585c4/original.mp4","https://pub-9e81613606534118802e6f42bab4fa54.r2.dev/users/6a31cf989801f82f3d1633bc/folders/6a361d1efa3873d31da585bf/media/6a361d2afa3873d31da585c4/original.mp4","20678769","2026-06-20T08:08:14.567Z","true"
"users/6a31cf989801f82f3d1633bc/folders/6a361d1efa3873d31da585bf/media/6a361d2afa3873d31da585c4/thumbnail.jpg","https://pub-9e81613606534118802e6f42bab4fa54.r2.dev/users/6a31cf989801f82f3d1633bc/folders/6a361d1efa3873d31da585bf/media/6a361d2afa3873d31da585c4/thumbnail.jpg","13792","2026-06-20T08:08:15.415Z","true"
"users/6a31cf989801f82f3d1633bc/folders/6a361d1efa3873d31da585bf/media/6a361d2bfa3873d31da585c5/original.mp4","https://pub-9e81613606534118802e6f42bab4fa54.r2.dev/users/6a31cf989801f82f3d1633bc/folders/6a361d1efa3873d31da585bf/media/6a361d2bfa3873d31da585c5/original.mp4","3401810","2026-06-20T08:08:16.557Z","true"
"users/6a31cf989801f82f3d1633bc/folders/6a361d1efa3873d31da585bf/media/6a361d2bfa3873d31da585c5/thumbnail.jpg","https://pub-9e81613606534118802e6f42bab4fa54.r2.dev/users/6a31cf989801f82f3d1633bc/folders/6a361d1efa3873d31da585bf/media/6a361d2bfa3873d31da585c5/thumbnail.jpg","10891","2026-06-20T08:08:17.368Z","true"
"users/6a31cf989801f82f3d1633bc/folders/6a361d1efa3873d31da585bf/media/6a361d2dfa3873d31da585c6/original.mp4","https://pub-9e81613606534118802e6f42bab4fa54.r2.dev/users/6a31cf989801f82f3d1633bc/folders/6a361d1efa3873d31da585bf/media/6a361d2dfa3873d31da585c6/original.mp4","7898661","2026-06-20T08:08:18.533Z","true"
"users/6a31cf989801f82f3d1633bc/folders/6a361d1efa3873d31da585bf/media/6a361d2dfa3873d31da585c6/thumbnail.jpg","https://pub-9e81613606534118802e6f42bab4fa54.r2.dev/users/6a31cf989801f82f3d1633bc/folders/6a361d1efa3873d31da585bf/media/6a361d2dfa3873d31da585c6/thumbnail.jpg","15057","2026-06-20T08:08:19.258Z","true"
"users/6a31cf989801f82f3d1633bc/folders/6a361d1efa3873d31da585bf/media/6a361d32fa3873d31da585c9/original.mp4","https://pub-9e81613606534118802e6f42bab4fa54.r2.dev/users/6a31cf989801f82f3d1633bc/folders/6a361d1efa3873d31da585bf/media/6a361d32fa3873d31da585c9/original.mp4","8075686","2026-06-20T08:08:20.673Z","true"
"users/6a31cf989801f82f3d1633bc/folders/6a361d1efa3873d31da585bf/media/6a361d32fa3873d31da585c9/thumbnail.jpg","https://pub-9e81613606534118802e6f42bab4fa54.r2.dev/users/6a31cf989801f82f3d1633bc/folders/6a361d1efa3873d31da585bf/media/6a361d32fa3873d31da585c9/thumbnail.jpg","21487","2026-06-20T08:08:21.497Z","true"
"users/6a31cf989801f82f3d1633bc/folders/6a361d1efa3873d31da585bf/media/6a361d35fa3873d31da585ca/original.mp4","https://pub-9e81613606534118802e6f42bab4fa54.r2.dev/users/6a31cf989801f82f3d1633bc/folders/6a361d1efa3873d31da585bf/media/6a361d35fa3873d31da585ca/original.mp4","6200110","2026-06-20T08:08:23.177Z","true"
"users/6a31cf989801f82f3d1633bc/folders/6a361d1efa3873d31da585bf/media/6a361d35fa3873d31da585ca/thumbnail.jpg","https://pub-9e81613606534118802e6f42bab4fa54.r2.dev/users/6a31cf989801f82f3d1633bc/folders/6a361d1efa3873d31da585bf/media/6a361d35fa3873d31da585ca/thumbnail.jpg","12571","2026-06-20T08:08:24.017Z","true"
"users/6a31cf989801f82f3d1633bc/folders/6a361d1efa3873d31da585bf/media/6a361d36fa3873d31da585cb/original.mp4","https://pub-9e81613606534118802e6f42bab4fa54.r2.dev/users/6a31cf989801f82f3d1633bc/folders/6a361d1efa3873d31da585bf/media/6a361d36fa3873d31da585cb/original.mp4","3622062","2026-06-20T08:08:25.325Z","true"
"users/6a31cf989801f82f3d1633bc/folders/6a361d1efa3873d31da585bf/media/6a361d36fa3873d31da585cb/thumbnail.jpg","https://pub-9e81613606534118802e6f42bab4fa54.r2.dev/users/6a31cf989801f82f3d1633bc/folders/6a361d1efa3873d31da585bf/media/6a361d36fa3873d31da585cb/thumbnail.jpg","11255","2026-06-20T08:08:26.137Z","true"
"users/6a31cf989801f82f3d1633bc/folders/6a361d1efa3873d31da585bf/media/6a361d38fa3873d31da585cc/original.mp4","https://pub-9e81613606534118802e6f42bab4fa54.r2.dev/users/6a31cf989801f82f3d1633bc/folders/6a361d1efa3873d31da585bf/media/6a361d38fa3873d31da585cc/original.mp4","8419264","2026-06-20T08:08:27.609Z","true"
"users/6a31cf989801f82f3d1633bc/folders/6a361d1efa3873d31da585bf/media/6a361d38fa3873d31da585cc/thumbnail.jpg","https://pub-9e81613606534118802e6f42bab4fa54.r2.dev/users/6a31cf989801f82f3d1633bc/folders/6a361d1efa3873d31da585bf/media/6a361d38fa3873d31da585cc/thumbnail.jpg","9837","2026-06-20T08:08:28.468Z","true"
"users/6a31cf989801f82f3d1633bc/folders/6a361e99fa3873d31da585cd/media/6a361eb2fa3873d31da585ce/original.mp4","https://pub-9e81613606534118802e6f42bab4fa54.r2.dev/users/6a31cf989801f82f3d1633bc/folders/6a361e99fa3873d31da585cd/media/6a361eb2fa3873d31da585ce/original.mp4","1865694","2026-06-20T08:08:29.487Z","true"
"users/6a31cf989801f82f3d1633bc/folders/6a361e99fa3873d31da585cd/media/6a361eb2fa3873d31da585ce/thumbnail.jpg","https://pub-9e81613606534118802e6f42bab4fa54.r2.dev/users/6a31cf989801f82f3d1633bc/folders/6a361e99fa3873d31da585cd/media/6a361eb2fa3873d31da585ce/thumbnail.jpg","11746","2026-06-20T08:08:30.482Z","true"
"users/6a31cf989801f82f3d1633bc/folders/6a361e99fa3873d31da585cd/media/6a37266e4070e7ebcd4e4bf3/original.mp4","https://pub-9e81613606534118802e6f42bab4fa54.r2.dev/users/6a31cf989801f82f3d1633bc/folders/6a361e99fa3873d31da585cd/media/6a37266e4070e7ebcd4e4bf3/original.mp4","8632126","2026-06-20T23:46:57.357Z","true"
"users/6a31cf989801f82f3d1633bc/folders/6a361e99fa3873d31da585cd/media/6a37266e4070e7ebcd4e4bf3/thumbnail.jpg","https://pub-9e81613606534118802e6f42bab4fa54.r2.dev/users/6a31cf989801f82f3d1633bc/folders/6a361e99fa3873d31da585cd/media/6a37266e4070e7ebcd4e4bf3/thumbnail.jpg","21099","2026-06-20T23:46:59.346Z","true"
"users/6a31cf989801f82f3d1633bc/folders/6a3a282e4b3662d31732bfcd/media/6a3acf9e58cbdea79f8f2e77/original.mp4","https://pub-9e81613606534118802e6f42bab4fa54.r2.dev/users/6a31cf989801f82f3d1633bc/folders/6a3a282e4b3662d31732bfcd/media/6a3acf9e58cbdea79f8f2e77/original.mp4","4247880","2026-06-23T18:25:40.919Z","true"
"users/6a31cf989801f82f3d1633bc/folders/6a3a282e4b3662d31732bfcd/media/6a3acf9e58cbdea79f8f2e77/thumbnail.jpg","https://pub-9e81613606534118802e6f42bab4fa54.r2.dev/users/6a31cf989801f82f3d1633bc/folders/6a3a282e4b3662d31732bfcd/media/6a3acf9e58cbdea79f8f2e77/thumbnail.jpg","18131","2026-06-23T18:25:41.796Z","true"
"users/6a31cf989801f82f3d1633bc/folders/6a3a282e4b3662d31732bfcd/media/6a3acfa458cbdea79f8f2e79/original.mp4","https://pub-9e81613606534118802e6f42bab4fa54.r2.dev/users/6a31cf989801f82f3d1633bc/folders/6a3a282e4b3662d31732bfcd/media/6a3acfa458cbdea79f8f2e79/original.mp4","4234253","2026-06-23T18:25:54.807Z","true"
"users/6a31cf989801f82f3d1633bc/folders/6a3a282e4b3662d31732bfcd/media/6a3acfa458cbdea79f8f2e79/thumbnail.jpg","https://pub-9e81613606534118802e6f42bab4fa54.r2.dev/users/6a31cf989801f82f3d1633bc/folders/6a3a282e4b3662d31732bfcd/media/6a3acfa458cbdea79f8f2e79/thumbnail.jpg","17723","2026-06-23T18:25:56.135Z","true"
"users/6a31cf989801f82f3d1633bc/folders/6a3a282e4b3662d31732bfcd/media/6a3acfb458cbdea79f8f2e7b/original.mp4","https://pub-9e81613606534118802e6f42bab4fa54.r2.dev/users/6a31cf989801f82f3d1633bc/folders/6a3a282e4b3662d31732bfcd/media/6a3acfb458cbdea79f8f2e7b/original.mp4","4242914","2026-06-23T18:26:05.286Z","true"
"users/6a31cf989801f82f3d1633bc/folders/6a3a282e4b3662d31732bfcd/media/6a3acfb458cbdea79f8f2e7b/thumbnail.jpg","https://pub-9e81613606534118802e6f42bab4fa54.r2.dev/users/6a31cf989801f82f3d1633bc/folders/6a3a282e4b3662d31732bfcd/media/6a3acfb458cbdea79f8f2e7b/thumbnail.jpg","17929","2026-06-23T18:26:06.022Z","true"
"users/6a31cf989801f82f3d1633bc/folders/6a3a282e4b3662d31732bfcd/media/6a3acfbc58cbdea79f8f2e7d/original.mp4","https://pub-9e81613606534118802e6f42bab4fa54.r2.dev/users/6a31cf989801f82f3d1633bc/folders/6a3a282e4b3662d31732bfcd/media/6a3acfbc58cbdea79f8f2e7d/original.mp4","4041068","2026-06-23T18:26:07.817Z","true"
"users/6a31cf989801f82f3d1633bc/folders/6a3a282e4b3662d31732bfcd/media/6a3acfbc58cbdea79f8f2e7d/thumbnail.jpg","https://pub-9e81613606534118802e6f42bab4fa54.r2.dev/users/6a31cf989801f82f3d1633bc/folders/6a3a282e4b3662d31732bfcd/media/6a3acfbc58cbdea79f8f2e7d/thumbnail.jpg","14239","2026-06-23T18:26:08.484Z","true"
"users/6a31cf989801f82f3d1633bc/folders/6a3a282e4b3662d31732bfcd/media/6a3acfbf58cbdea79f8f2e7f/original.mp4","https://pub-9e81613606534118802e6f42bab4fa54.r2.dev/users/6a31cf989801f82f3d1633bc/folders/6a3a282e4b3662d31732bfcd/media/6a3acfbf58cbdea79f8f2e7f/original.mp4","4836636","2026-06-23T18:26:14.985Z","true"
"users/6a31cf989801f82f3d1633bc/folders/6a3a282e4b3662d31732bfcd/media/6a3acfbf58cbdea79f8f2e7f/thumbnail.jpg","https://pub-9e81613606534118802e6f42bab4fa54.r2.dev/users/6a31cf989801f82f3d1633bc/folders/6a3a282e4b3662d31732bfcd/media/6a3acfbf58cbdea79f8f2e7f/thumbnail.jpg","13170","2026-06-23T18:26:15.669Z","true"
"users/6a31cf989801f82f3d1633bc/folders/6a3a282e4b3662d31732bfcd/media/6a3acfc758cbdea79f8f2e81/original.mp4","https://pub-9e81613606534118802e6f42bab4fa54.r2.dev/users/6a31cf989801f82f3d1633bc/folders/6a3a282e4b3662d31732bfcd/media/6a3acfc758cbdea79f8f2e81/original.mp4","4315874","2026-06-23T18:26:22.113Z","true"
"users/6a31cf989801f82f3d1633bc/folders/6a3a282e4b3662d31732bfcd/media/6a3acfc758cbdea79f8f2e81/thumbnail.jpg","https://pub-9e81613606534118802e6f42bab4fa54.r2.dev/users/6a31cf989801f82f3d1633bc/folders/6a3a282e4b3662d31732bfcd/media/6a3acfc758cbdea79f8f2e81/thumbnail.jpg","13512","2026-06-23T18:26:22.899Z","true"
"users/6a31cf989801f82f3d1633bc/folders/6a3a282e4b3662d31732bfcd/media/6a3acfd258cbdea79f8f2e83/original.mp4","https://pub-9e81613606534118802e6f42bab4fa54.r2.dev/users/6a31cf989801f82f3d1633bc/folders/6a3a282e4b3662d31732bfcd/media/6a3acfd258cbdea79f8f2e83/original.mp4","3721570","2026-06-23T18:26:34.868Z","true"
"users/6a31cf989801f82f3d1633bc/folders/6a3a282e4b3662d31732bfcd/media/6a3acfd258cbdea79f8f2e83/thumbnail.jpg","https://pub-9e81613606534118802e6f42bab4fa54.r2.dev/users/6a31cf989801f82f3d1633bc/folders/6a3a282e4b3662d31732bfcd/media/6a3acfd258cbdea79f8f2e83/thumbnail.jpg","17501","2026-06-23T18:26:35.585Z","true"
"users/6a31cf989801f82f3d1633bc/folders/6a3a282e4b3662d31732bfcd/media/6a3acfda58cbdea79f8f2e85/original.mp4","https://pub-9e81613606534118802e6f42bab4fa54.r2.dev/users/6a31cf989801f82f3d1633bc/folders/6a3a282e4b3662d31732bfcd/media/6a3acfda58cbdea79f8f2e85/original.mp4","3860217","2026-06-23T18:26:43.548Z","true"
"users/6a31cf989801f82f3d1633bc/folders/6a3a282e4b3662d31732bfcd/media/6a3acfda58cbdea79f8f2e85/thumbnail.jpg","https://pub-9e81613606534118802e6f42bab4fa54.r2.dev/users/6a31cf989801f82f3d1633bc/folders/6a3a282e4b3662d31732bfcd/media/6a3acfda58cbdea79f8f2e85/thumbnail.jpg","10590","2026-06-23T18:26:44.571Z","true"
"users/6a31cf989801f82f3d1633bc/folders/6a3a282e4b3662d31732bfcd/media/6a3acfe258cbdea79f8f2e87/original.mp4","https://pub-9e81613606534118802e6f42bab4fa54.r2.dev/users/6a31cf989801f82f3d1633bc/folders/6a3a282e4b3662d31732bfcd/media/6a3acfe258cbdea79f8f2e87/original.mp4","4311611","2026-06-23T18:26:50.202Z","true"
"users/6a31cf989801f82f3d1633bc/folders/6a3a282e4b3662d31732bfcd/media/6a3acfe258cbdea79f8f2e87/thumbnail.jpg","https://pub-9e81613606534118802e6f42bab4fa54.r2.dev/users/6a31cf989801f82f3d1633bc/folders/6a3a282e4b3662d31732bfcd/media/6a3acfe258cbdea79f8f2e87/thumbnail.jpg","14592","2026-06-23T18:26:52.087Z","true"
"users/6a31cf989801f82f3d1633bc/folders/6a3a282e4b3662d31732bfcd/media/6a3acfea58cbdea79f8f2e89/original.mp4","https://pub-9e81613606534118802e6f42bab4fa54.r2.dev/users/6a31cf989801f82f3d1633bc/folders/6a3a282e4b3662d31732bfcd/media/6a3acfea58cbdea79f8f2e89/original.mp4","5212079","2026-06-23T18:27:03.968Z","true"
"users/6a31cf989801f82f3d1633bc/folders/6a3a282e4b3662d31732bfcd/media/6a3acfea58cbdea79f8f2e89/thumbnail.jpg","https://pub-9e81613606534118802e6f42bab4fa54.r2.dev/users/6a31cf989801f82f3d1633bc/folders/6a3a282e4b3662d31732bfcd/media/6a3acfea58cbdea79f8f2e89/thumbnail.jpg","15001","2026-06-23T18:27:05.092Z","true"
"users/6a31cf989801f82f3d1633bc/folders/6a3af76d6392702cc5e49da9/media/6a3af77a6392702cc5e49daa/original.mp4","https://pub-9e81613606534118802e6f42bab4fa54.r2.dev/users/6a31cf989801f82f3d1633bc/folders/6a3af76d6392702cc5e49da9/media/6a3af77a6392702cc5e49daa/original.mp4","4846817","2026-06-23T21:15:43.099Z","true"
"users/6a31cf989801f82f3d1633bc/folders/6a3af76d6392702cc5e49da9/media/6a3af77a6392702cc5e49daa/thumbnail.jpg","https://pub-9e81613606534118802e6f42bab4fa54.r2.dev/users/6a31cf989801f82f3d1633bc/folders/6a3af76d6392702cc5e49da9/media/6a3af77a6392702cc5e49daa/thumbnail.jpg","12780","2026-06-23T21:15:44.263Z","true"
"users/6a31cf989801f82f3d1633bc/folders/6a3af76d6392702cc5e49da9/media/6a3af77f6392702cc5e49dac/original.mp4","https://pub-9e81613606534118802e6f42bab4fa54.r2.dev/users/6a31cf989801f82f3d1633bc/folders/6a3af76d6392702cc5e49da9/media/6a3af77f6392702cc5e49dac/original.mp4","4248644","2026-06-23T21:15:55.766Z","true"
"users/6a31cf989801f82f3d1633bc/folders/6a3af76d6392702cc5e49da9/media/6a3af77f6392702cc5e49dac/thumbnail.jpg","https://pub-9e81613606534118802e6f42bab4fa54.r2.dev/users/6a31cf989801f82f3d1633bc/folders/6a3af76d6392702cc5e49da9/media/6a3af77f6392702cc5e49dac/thumbnail.jpg","12929","2026-06-23T21:15:57.452Z","true"
"users/6a31cf989801f82f3d1633bc/folders/6a3af76d6392702cc5e49da9/media/6a3af78e6392702cc5e49dae/original.mp4","https://pub-9e81613606534118802e6f42bab4fa54.r2.dev/users/6a31cf989801f82f3d1633bc/folders/6a3af76d6392702cc5e49da9/media/6a3af78e6392702cc5e49dae/original.mp4","4504733","2026-06-23T21:16:07.144Z","true"
"users/6a31cf989801f82f3d1633bc/folders/6a3af76d6392702cc5e49da9/media/6a3af78e6392702cc5e49dae/thumbnail.jpg","https://pub-9e81613606534118802e6f42bab4fa54.r2.dev/users/6a31cf989801f82f3d1633bc/folders/6a3af76d6392702cc5e49da9/media/6a3af78e6392702cc5e49dae/thumbnail.jpg","15487","2026-06-23T21:16:07.922Z","true"
"users/6a31cf989801f82f3d1633bc/folders/6a3af76d6392702cc5e49da9/media/6a3af7966392702cc5e49db0/original.mp4","https://pub-9e81613606534118802e6f42bab4fa54.r2.dev/users/6a31cf989801f82f3d1633bc/folders/6a3af76d6392702cc5e49da9/media/6a3af7966392702cc5e49db0/original.mp4","4912257","2026-06-23T21:16:13.734Z","true"
"users/6a31cf989801f82f3d1633bc/folders/6a3af76d6392702cc5e49da9/media/6a3af7966392702cc5e49db0/thumbnail.jpg","https://pub-9e81613606534118802e6f42bab4fa54.r2.dev/users/6a31cf989801f82f3d1633bc/folders/6a3af76d6392702cc5e49da9/media/6a3af7966392702cc5e49db0/thumbnail.jpg","14534","2026-06-23T21:16:14.562Z","true"
"users/6a31cf989801f82f3d1633bc/folders/6a3af76d6392702cc5e49da9/media/6a3af79c6392702cc5e49db2/original.mp4","https://pub-9e81613606534118802e6f42bab4fa54.r2.dev/users/6a31cf989801f82f3d1633bc/folders/6a3af76d6392702cc5e49da9/media/6a3af79c6392702cc5e49db2/original.mp4","4825597","2026-06-23T21:16:20.549Z","true"
"users/6a31cf989801f82f3d1633bc/folders/6a3af76d6392702cc5e49da9/media/6a3af79c6392702cc5e49db2/thumbnail.jpg","https://pub-9e81613606534118802e6f42bab4fa54.r2.dev/users/6a31cf989801f82f3d1633bc/folders/6a3af76d6392702cc5e49da9/media/6a3af79c6392702cc5e49db2/thumbnail.jpg","13233","2026-06-23T21:16:21.228Z","true"
"users/6a31cf989801f82f3d1633bc/folders/6a3af76d6392702cc5e49da9/media/6a3af7a36392702cc5e49db4/original.mp4","https://pub-9e81613606534118802e6f42bab4fa54.r2.dev/users/6a31cf989801f82f3d1633bc/folders/6a3af76d6392702cc5e49da9/media/6a3af7a36392702cc5e49db4/original.mp4","3976175","2026-06-23T21:16:27.190Z","true"
"users/6a31cf989801f82f3d1633bc/folders/6a3af76d6392702cc5e49da9/media/6a3af7a36392702cc5e49db4/thumbnail.jpg","https://pub-9e81613606534118802e6f42bab4fa54.r2.dev/users/6a31cf989801f82f3d1633bc/folders/6a3af76d6392702cc5e49da9/media/6a3af7a36392702cc5e49db4/thumbnail.jpg","14506","2026-06-23T21:16:27.928Z","true"
"users/6a31cf989801f82f3d1633bc/folders/6a3af76d6392702cc5e49da9/media/6a3af7aa6392702cc5e49db6/original.mp4","https://pub-9e81613606534118802e6f42bab4fa54.r2.dev/users/6a31cf989801f82f3d1633bc/folders/6a3af76d6392702cc5e49da9/media/6a3af7aa6392702cc5e49db6/original.mp4","4085343","2026-06-23T21:16:30.009Z","true"
"users/6a31cf989801f82f3d1633bc/folders/6a3af76d6392702cc5e49da9/media/6a3af7aa6392702cc5e49db6/thumbnail.jpg","https://pub-9e81613606534118802e6f42bab4fa54.r2.dev/users/6a31cf989801f82f3d1633bc/folders/6a3af76d6392702cc5e49da9/media/6a3af7aa6392702cc5e49db6/thumbnail.jpg","11884","2026-06-23T21:16:30.680Z","true"
"users/6a31cf989801f82f3d1633bc/folders/6a3af76d6392702cc5e49da9/media/6a3af7ad6392702cc5e49db8/original.mp4","https://pub-9e81613606534118802e6f42bab4fa54.r2.dev/users/6a31cf989801f82f3d1633bc/folders/6a3af76d6392702cc5e49da9/media/6a3af7ad6392702cc5e49db8/original.mp4","3344642","2026-06-23T21:16:35.007Z","true"
"users/6a31cf989801f82f3d1633bc/folders/6a3af76d6392702cc5e49da9/media/6a3af7ad6392702cc5e49db8/thumbnail.jpg","https://pub-9e81613606534118802e6f42bab4fa54.r2.dev/users/6a31cf989801f82f3d1633bc/folders/6a3af76d6392702cc5e49da9/media/6a3af7ad6392702cc5e49db8/thumbnail.jpg","14579","2026-06-23T21:16:36.030Z","true"
"users/6a31cf989801f82f3d1633bc/folders/6a3af76d6392702cc5e49da9/media/6a3af7b96392702cc5e49dba/original.mp4","https://pub-9e81613606534118802e6f42bab4fa54.r2.dev/users/6a31cf989801f82f3d1633bc/folders/6a3af76d6392702cc5e49da9/media/6a3af7b96392702cc5e49dba/original.mp4","3620641","2026-06-23T21:16:45.938Z","true"
"users/6a31cf989801f82f3d1633bc/folders/6a3af76d6392702cc5e49da9/media/6a3af7b96392702cc5e49dba/thumbnail.jpg","https://pub-9e81613606534118802e6f42bab4fa54.r2.dev/users/6a31cf989801f82f3d1633bc/folders/6a3af76d6392702cc5e49da9/media/6a3af7b96392702cc5e49dba/thumbnail.jpg","14421","2026-06-23T21:16:46.792Z","true"
"users/6a31cf989801f82f3d1633bc/folders/6a3dba4f2649510050ea3bc3/media/6a3dc7082649510050ea3bc4/original.mp4","https://pub-9e81613606534118802e6f42bab4fa54.r2.dev/users/6a31cf989801f82f3d1633bc/folders/6a3dba4f2649510050ea3bc3/media/6a3dc7082649510050ea3bc4/original.mp4","4146302","2026-06-26T00:25:45.944Z","true"
"users/6a31cf989801f82f3d1633bc/folders/6a3dba4f2649510050ea3bc3/media/6a3dc7082649510050ea3bc4/thumbnail.jpg","https://pub-9e81613606534118802e6f42bab4fa54.r2.dev/users/6a31cf989801f82f3d1633bc/folders/6a3dba4f2649510050ea3bc3/media/6a3dc7082649510050ea3bc4/thumbnail.jpg","15254","2026-06-26T00:25:47.982Z","true"
"users/6a31cf989801f82f3d1633bc/folders/6a3dba4f2649510050ea3bc3/media/6a3dc70d2649510050ea3bc6/original.mp4","https://pub-9e81613606534118802e6f42bab4fa54.r2.dev/users/6a31cf989801f82f3d1633bc/folders/6a3dba4f2649510050ea3bc3/media/6a3dc70d2649510050ea3bc6/original.mp4","3584865","2026-06-26T00:25:50.603Z","true"
"users/6a31cf989801f82f3d1633bc/folders/6a3dba4f2649510050ea3bc3/media/6a3dc70d2649510050ea3bc6/thumbnail.jpg","https://pub-9e81613606534118802e6f42bab4fa54.r2.dev/users/6a31cf989801f82f3d1633bc/folders/6a3dba4f2649510050ea3bc3/media/6a3dc70d2649510050ea3bc6/thumbnail.jpg","15887","2026-06-26T00:25:52.099Z","true"
"users/6a31cf989801f82f3d1633bc/folders/6a3dba4f2649510050ea3bc3/media/6a3dc7112649510050ea3bc8/original.mp4","https://pub-9e81613606534118802e6f42bab4fa54.r2.dev/users/6a31cf989801f82f3d1633bc/folders/6a3dba4f2649510050ea3bc3/media/6a3dc7112649510050ea3bc8/original.mp4","4806081","2026-06-26T00:25:56.110Z","true"
"users/6a31cf989801f82f3d1633bc/folders/6a3dba4f2649510050ea3bc3/media/6a3dc7112649510050ea3bc8/thumbnail.jpg","https://pub-9e81613606534118802e6f42bab4fa54.r2.dev/users/6a31cf989801f82f3d1633bc/folders/6a3dba4f2649510050ea3bc3/media/6a3dc7112649510050ea3bc8/thumbnail.jpg","13791","2026-06-26T00:25:57.394Z","true"
"users/6a31cf989801f82f3d1633bc/folders/6a3dba4f2649510050ea3bc3/media/6a3dc7162649510050ea3bca/original.mp4","https://pub-9e81613606534118802e6f42bab4fa54.r2.dev/users/6a31cf989801f82f3d1633bc/folders/6a3dba4f2649510050ea3bc3/media/6a3dc7162649510050ea3bca/original.mp4","3821502","2026-06-26T00:26:01.144Z","true"
"users/6a31cf989801f82f3d1633bc/folders/6a3dba4f2649510050ea3bc3/media/6a3dc7162649510050ea3bca/thumbnail.jpg","https://pub-9e81613606534118802e6f42bab4fa54.r2.dev/users/6a31cf989801f82f3d1633bc/folders/6a3dba4f2649510050ea3bc3/media/6a3dc7162649510050ea3bca/thumbnail.jpg","24328","2026-06-26T00:26:03.159Z","true"
"users/6a31cf989801f82f3d1633bc/folders/6a3dba4f2649510050ea3bc3/media/6a3dc71c2649510050ea3bcc/original.mp4","https://pub-9e81613606534118802e6f42bab4fa54.r2.dev/users/6a31cf989801f82f3d1633bc/folders/6a3dba4f2649510050ea3bc3/media/6a3dc71c2649510050ea3bcc/original.mp4","3352269","2026-06-26T00:26:06.677Z","true"
"users/6a31cf989801f82f3d1633bc/folders/6a3dba4f2649510050ea3bc3/media/6a3dc71c2649510050ea3bcc/thumbnail.jpg","https://pub-9e81613606534118802e6f42bab4fa54.r2.dev/users/6a31cf989801f82f3d1633bc/folders/6a3dba4f2649510050ea3bc3/media/6a3dc71c2649510050ea3bcc/thumbnail.jpg","19412","2026-06-26T00:26:07.944Z","true"
"users/6a31cf989801f82f3d1633bc/folders/6a3dba4f2649510050ea3bc3/media/6a3dc7212649510050ea3bce/original.mp4","https://pub-9e81613606534118802e6f42bab4fa54.r2.dev/users/6a31cf989801f82f3d1633bc/folders/6a3dba4f2649510050ea3bc3/media/6a3dc7212649510050ea3bce/original.mp4","3746798","2026-06-26T00:26:11.536Z","true"
"users/6a31cf989801f82f3d1633bc/folders/6a3dba4f2649510050ea3bc3/media/6a3dc7212649510050ea3bce/thumbnail.jpg","https://pub-9e81613606534118802e6f42bab4fa54.r2.dev/users/6a31cf989801f82f3d1633bc/folders/6a3dba4f2649510050ea3bc3/media/6a3dc7212649510050ea3bce/thumbnail.jpg","15686","2026-06-26T00:26:13.554Z","true"
"users/6a31cf989801f82f3d1633bc/folders/6a3dba4f2649510050ea3bc3/media/6a3dc7262649510050ea3bd0/original.mp4","https://pub-9e81613606534118802e6f42bab4fa54.r2.dev/users/6a31cf989801f82f3d1633bc/folders/6a3dba4f2649510050ea3bc3/media/6a3dc7262649510050ea3bd0/original.mp4","2405868","2026-06-26T00:26:15.923Z","true"
"users/6a31cf989801f82f3d1633bc/folders/6a3dba4f2649510050ea3bc3/media/6a3dc7262649510050ea3bd0/thumbnail.jpg","https://pub-9e81613606534118802e6f42bab4fa54.r2.dev/users/6a31cf989801f82f3d1633bc/folders/6a3dba4f2649510050ea3bc3/media/6a3dc7262649510050ea3bd0/thumbnail.jpg","10969","2026-06-26T00:26:17.049Z","true"
"users/6a31cf989801f82f3d1633bc/folders/6a3dba4f2649510050ea3bc3/media/6a3dc72a2649510050ea3bd2/original.mp4","https://pub-9e81613606534118802e6f42bab4fa54.r2.dev/users/6a31cf989801f82f3d1633bc/folders/6a3dba4f2649510050ea3bc3/media/6a3dc72a2649510050ea3bd2/original.mp4","2511366","2026-06-26T00:26:19.277Z","true"
"users/6a31cf989801f82f3d1633bc/folders/6a3dba4f2649510050ea3bc3/media/6a3dc72a2649510050ea3bd2/thumbnail.jpg","https://pub-9e81613606534118802e6f42bab4fa54.r2.dev/users/6a31cf989801f82f3d1633bc/folders/6a3dba4f2649510050ea3bc3/media/6a3dc72a2649510050ea3bd2/thumbnail.jpg","12163","2026-06-26T00:26:20.383Z","true"
"users/6a31cf989801f82f3d1633bc/folders/6a3dba4f2649510050ea3bc3/media/6a3dc72d2649510050ea3bd4/original.mp4","https://pub-9e81613606534118802e6f42bab4fa54.r2.dev/users/6a31cf989801f82f3d1633bc/folders/6a3dba4f2649510050ea3bc3/media/6a3dc72d2649510050ea3bd4/original.mp4","2637229","2026-06-26T00:26:22.919Z","true"
"users/6a31cf989801f82f3d1633bc/folders/6a3dba4f2649510050ea3bc3/media/6a3dc72d2649510050ea3bd4/thumbnail.jpg","https://pub-9e81613606534118802e6f42bab4fa54.r2.dev/users/6a31cf989801f82f3d1633bc/folders/6a3dba4f2649510050ea3bc3/media/6a3dc72d2649510050ea3bd4/thumbnail.jpg","12214","2026-06-26T00:26:24.801Z","true"
"users/6a31cf989801f82f3d1633bc/folders/6a3dba4f2649510050ea3bc3/media/6a3dc7322649510050ea3bd6/original.mp4","https://pub-9e81613606534118802e6f42bab4fa54.r2.dev/users/6a31cf989801f82f3d1633bc/folders/6a3dba4f2649510050ea3bc3/media/6a3dc7322649510050ea3bd6/original.mp4","4163754","2026-06-26T00:26:27.534Z","true"
"users/6a31cf989801f82f3d1633bc/folders/6a3dba4f2649510050ea3bc3/media/6a3dc7322649510050ea3bd6/thumbnail.jpg","https://pub-9e81613606534118802e6f42bab4fa54.r2.dev/users/6a31cf989801f82f3d1633bc/folders/6a3dba4f2649510050ea3bc3/media/6a3dc7322649510050ea3bd6/thumbnail.jpg","13637","2026-06-26T00:26:29.459Z","true"
"users/6a31cf989801f82f3d1633bc/folders/6a3dba4f2649510050ea3bc3/media/6a3dc7362649510050ea3bd8/original.mp4","https://pub-9e81613606534118802e6f42bab4fa54.r2.dev/users/6a31cf989801f82f3d1633bc/folders/6a3dba4f2649510050ea3bc3/media/6a3dc7362649510050ea3bd8/original.mp4","3637515","2026-06-26T00:26:32.797Z","true"
"users/6a31cf989801f82f3d1633bc/folders/6a3dba4f2649510050ea3bc3/media/6a3dc7362649510050ea3bd8/thumbnail.jpg","https://pub-9e81613606534118802e6f42bab4fa54.r2.dev/users/6a31cf989801f82f3d1633bc/folders/6a3dba4f2649510050ea3bc3/media/6a3dc7362649510050ea3bd8/thumbnail.jpg","18886","2026-06-26T00:26:34.699Z","true"
"users/6a31cf989801f82f3d1633bc/folders/6a3dba4f2649510050ea3bc3/media/6a3dc73c2649510050ea3bda/original.mp4","https://pub-9e81613606534118802e6f42bab4fa54.r2.dev/users/6a31cf989801f82f3d1633bc/folders/6a3dba4f2649510050ea3bc3/media/6a3dc73c2649510050ea3bda/original.mp4","3492815","2026-06-26T00:26:39.049Z","true"
"users/6a31cf989801f82f3d1633bc/folders/6a3dba4f2649510050ea3bc3/media/6a3dc73c2649510050ea3bda/thumbnail.jpg","https://pub-9e81613606534118802e6f42bab4fa54.r2.dev/users/6a31cf989801f82f3d1633bc/folders/6a3dba4f2649510050ea3bc3/media/6a3dc73c2649510050ea3bda/thumbnail.jpg","10379","2026-06-26T00:26:40.271Z","true"
"users/6a31cf989801f82f3d1633bc/folders/root/media/6a3cd6fd73ded2f044ea907c/original.mp4","https://pub-9e81613606534118802e6f42bab4fa54.r2.dev/users/6a31cf989801f82f3d1633bc/folders/root/media/6a3cd6fd73ded2f044ea907c/original.mp4","2425275","2026-06-25T07:21:37.015Z","true"
"users/6a31cf989801f82f3d1633bc/folders/root/media/6a3cd6fd73ded2f044ea907c/thumbnail.jpg","https://pub-9e81613606534118802e6f42bab4fa54.r2.dev/users/6a31cf989801f82f3d1633bc/folders/root/media/6a3cd6fd73ded2f044ea907c/thumbnail.jpg","17735","2026-06-25T07:21:38.640Z","true"